path,pH
close_seg\6\6K--22-_jpg.rf.663142c881758efb4de932c91a7b479a.jpg,6
close_seg\6\6k--75-_jpg.rf.42aa04547265d5890c7b5a05b509386c.jpg,6
close_seg\6\6F--23-_jpg.rf.338da0e01de039e7b7322934331d7fe8.jpg,6
close_seg\6\6F--44-_jpg.rf.1521f3dad55c9c68fd22c9db79f6ba37.jpg,6
close_seg\6\6k--13-_jpg.rf.47db8c03884b63f6b6f5340e249696fc.jpg,6
close_seg\6\6K--93-_jpg.rf.c605f32c6b6de385dbcbb6493114936d.jpg,6
close_seg\6\6K--28-_jpg.rf.5d375894a5b12de984c53303236ec301.jpg,6
close_seg\6\6K--14-_jpg.rf.665af055c7f7f99055669fe3f5001145.jpg,6
close_seg\6\69--9-_jpg.rf.748cb967474bd35b965ce1a7026339eb.jpg,6
close_seg\6\6k--15-_jpg.rf.b4f52a79ffaf2f5043294122bb44409c.jpg,6
close_seg\6\6F--20-_jpg.rf.e4fd1e4ca0a1e6ff5c6929409ba0b7e2.jpg,6
close_seg\6\6K--45-_jpg.rf.a58f5fd2572e1b7a788dfc0da8578f7b.jpg,6
close_seg\6\48--2-_jpg.rf.359941d6090c8bb897457b2b8b00501b.jpg,6
close_seg\6\6k--95-_jpg.rf.0e9a0ff084bab63583d77b6d985e495e.jpg,6
close_seg\6\6F--42-_jpg.rf.4b1b3831336fdcffc93986cbece159d1.jpg,6
close_seg\6\6k--96-_jpg.rf.cfe459dde845d7220280a81ee56eca00.jpg,6
close_seg\6\6K--53-_jpg.rf.febf865f75216cc54602098307a887fd.jpg,6
close_seg\6\6K--21-_jpg.rf.2abbace565722f5d3c078702c66a0f2c.jpg,6
close_seg\6\6k--32-_jpg.rf.7fea9fa2d890854a54d9093ab65b4325.jpg,6
close_seg\6\6k--45-_jpg.rf.fa34c2eb56061f62a17c596d377029e4.jpg,6
close_seg\6\6k--42-_jpg.rf.13d9f751fdea25309714f0458a9eade1.jpg,6
close_seg\6\6K--96-_jpg.rf.8fa90419e649b753d5dfa5dd3eb02177.jpg,6
close_seg\6\6K--102-_jpg.rf.06c7ac3fde707a6e648d2154a27e14aa.jpg,6
close_seg\6\6k--78-_jpg.rf.6e6e48c4d04638f5c54ee92a0b3d6f92.jpg,6
close_seg\6\6F--26-_jpg.rf.711c08f17363eb0646f3d6f290ba1a6c.jpg,6
close_seg\6\6K--94-_jpg.rf.37a6a1c59ac1a85e67ad358e0ae60987.jpg,6
close_seg\6\6K--74-_jpg.rf.7d9b8caf35c7fdb1abd769517f4c921d.jpg,6
close_seg\6\6K--60-_jpg.rf.92f7dc4d0cfbd8ceb2669c2ca99f693b.jpg,6
close_seg\6\46--7-_jpg.rf.a7cfd86ce6b8139b637ba73b3443aac1.jpg,6
close_seg\6\6K--23-_jpg.rf.5b2bd7970eb2607c1fe55a48dc629176.jpg,6
close_seg\6\6F--13-_jpg.rf.c2cc88ee84a33cf27da14a0d0f52aad8.jpg,6
close_seg\6\410--1-_jpg.rf.d4179b896bc1bc90c69737c48a593c76.jpg,6
close_seg\6\6k--90-_jpg.rf.913308cd17c2fa4136ee51873d045ff2.jpg,6
close_seg\6\6K--44-_jpg.rf.7d2eb0c52bed64987c4fda96d397e9d9.jpg,6
close_seg\6\6k--29-_jpg.rf.875274620cdaf21884e636037530c169.jpg,6
close_seg\6\69--5-_jpg.rf.4080ce24e8e2c5eae11590f58661589f.jpg,6
close_seg\6\6k--63-_jpg.rf.3a023c78faa7315d3948dc85f6ef5fff.jpg,6
close_seg\6\6K--52-_jpg.rf.4029aa152184b37a5cc2881aa19428b8.jpg,6
close_seg\6\6F--28-_jpg.rf.cbb6965f1faa153f2890cdd2b02b6b2e.jpg,6
close_seg\6\6F--48-_jpg.rf.9e4c2958b172fa256047ff72f3bc4285.jpg,6
close_seg\6\6K--70-_jpg.rf.f9f23d16cbd4b32d1119764f3bae0d97.jpg,6
close_seg\6\6K--1-_jpg.rf.58c8e1a482f0eb6022aa1d9a8a17aca1.jpg,6
close_seg\6\42--10-_jpg.rf.d5d03c41dd1dd88c47ccd47eeec977a8.jpg,6
close_seg\6\6K--4-_jpg.rf.2ef46b557f10efed5b779bef3878beab.jpg,6
close_seg\6\6K--90-_jpg.rf.a7dc1d1b579ef4812514301510bfe8e6.jpg,6
close_seg\6\6k--74-_jpg.rf.023cde4ff60d4ababb9ace821e338e34.jpg,6
close_seg\6\6k--80-_jpg.rf.4d154b1c8278322049e22ef4dc8708a8.jpg,6
close_seg\6\6K--78-_jpg.rf.f5a47e25e77f1b34f0ced9c67fa0b0db.jpg,6
close_seg\6\6K--76-_jpg.rf.e7842116eeb706ab7941cbd295dfa482.jpg,6
close_seg\6\6K--34-_jpg.rf.1dc628faf1d0524fbae4a141a4354fb8.jpg,6
close_seg\6\6k--25-_jpg.rf.ab1b2f7c282edad2c69785ee76d0aaaf.jpg,6
close_seg\6\69--8-_jpg.rf.55a3470bf141275b503d489aadafb14d.jpg,6
close_seg\6\6K--67-_jpg.rf.d5c9ff0108eb5dfc03d92f82b9970c9f.jpg,6
close_seg\6\6K--19-_jpg.rf.f93a0030caa54a05912691a53ebc2d16.jpg,6
close_seg\6\6k--64-_jpg.rf.a3fa1e569339665e01308395fbbba3d7.jpg,6
close_seg\6\6K--42-_jpg.rf.fe4ee5ba3586968d75607e26ddcc3cc4.jpg,6
close_seg\6\6K--83-_jpg.rf.921d7311c381ee6b228f94225159081e.jpg,6
close_seg\6\6F--37-_jpg.rf.0288eba56d0ab52d9d15d13a9764f95c.jpg,6
close_seg\6\44--3-_jpg.rf.43572c9da53e49715caa46ccd55d712c.jpg,6
close_seg\6\6K--87-_jpg.rf.dd917d5bf811cf9fb6645102b559d066.jpg,6
close_seg\6\410--2-_jpg.rf.087e313c205450ae076ea63585dcc583.jpg,6
close_seg\6\6K--101-_jpg.rf.2cc8fafcfc3f5203424cb2be5ed598f8.jpg,6
close_seg\6\69--10-_jpg.rf.ec2757dd1f19cc88631c9fa616fac2ff.jpg,6
close_seg\6\6F--14-_jpg.rf.0982d3b1a53ce5f2490ded13b0393dd7.jpg,6
close_seg\6\46--6-_jpg.rf.8489fed819046fcd1438d6da6ad94b5f.jpg,6
close_seg\6\6K--63-_jpg.rf.311d807f3d8440c55ef42423861e9244.jpg,6
close_seg\6\6K--43-_jpg.rf.a32443e415b9f49d99eb574d4897dbf1.jpg,6
close_seg\6\6F--49-_jpg.rf.bd8d58bb338c2edd52a774c06ed703f0.jpg,6
close_seg\6\42--5-_jpg.rf.a2be3bb1b7d1b71adad63837e4e39543.jpg,6
close_seg\6\6F--1-_jpg.rf.72ba05da0820fb5959d693317f5c6217.jpg,6
close_seg\6\42--9-_jpg.rf.9b7ce6376411747c042cd598dc314abb.jpg,6
close_seg\6\6K--59-_jpg.rf.6168f118b301ffe2b0014535a26a8da6.jpg,6
close_seg\6\6k--27-_jpg.rf.35404ee9cc6fbd984a3c173a0e71a0af.jpg,6
close_seg\6\6K--47-_jpg.rf.fe5bcd207af3b5a6fa21c3af6a6f6e1c.jpg,6
close_seg\6\6K--39-_jpg.rf.e0e71b1ab7fa9c2d922e6fb0bee10028.jpg,6
close_seg\6\6F--32-_jpg.rf.d4b05e778801ade5c199b4f19dcbef62.jpg,6
close_seg\6\6K--15-_jpg.rf.c67931a0a0ddb4695a400949eb663fba.jpg,6
close_seg\6\6K--86-_jpg.rf.3f6e91f45cc4859164fbf45faae7d305.jpg,6
close_seg\6\6F--43-_jpg.rf.d966f5d7a6fdb05b290f9781d60e56d4.jpg,6
close_seg\6\43--10-_jpg.rf.515324d7c28acb83c837f6b6ebcf68f7.jpg,6
close_seg\6\6K--36-_jpg.rf.090ef509e6bdfd95fdb585683a404a12.jpg,6
close_seg\6\6K--73-_jpg.rf.b6478cdec86eb806e5af117de816baed.jpg,6
close_seg\6\6F--21-_jpg.rf.b78937ba9a5fc1311518e00722dd6fcd.jpg,6
close_seg\6\69--6-_jpg.rf.214f2c0293e82576dc693eae57470581.jpg,6
close_seg\6\46--10-_jpg.rf.2ca4761e9f17b0a969a04256851f0094.jpg,6
close_seg\6\6K--11-_jpg.rf.8e7fe1e819b67098209b16dd4f2312e3.jpg,6
close_seg\6\6K--79-_jpg.rf.4426327db360d89a113a4cce8b86f233.jpg,6
close_seg\6\6K--33-_jpg.rf.b69ad70b9e4691c04ebcefdf3e764c48.jpg,6
close_seg\6\44--2-_jpg.rf.ea3ad5bd678bea97dec74c4da19699d9.jpg,6
close_seg\6\6K--69-_jpg.rf.0ed694700ef91bf096280147b7ab01d6.jpg,6
close_seg\6\6k--41-_jpg.rf.7390d5aef48833b4d07f357332d455c6.jpg,6
close_seg\6\6k--89-_jpg.rf.5df9619bfc394010c00d505d2fbdbee6.jpg,6
close_seg\6\6K--35-_jpg.rf.badcf23c10deb1ac770f18852c691971.jpg,6
close_seg\6\42--4-_jpg.rf.e2fc1613ba41526feddacce54d42808e.jpg,6
close_seg\6\6K--30-_jpg.rf.4105b97f97e347db299ede6c662376f8.jpg,6
close_seg\6\69--7-_jpg.rf.285b47a3e8dfa92d3d247e02c786d112.jpg,6
close_seg\6\6k--14-_jpg.rf.d6ebe110ed690f2642affc63539219b8.jpg,6
close_seg\6\6F--35-_jpg.rf.4fe78774e830a53e6e4057aea0d0d41a.jpg,6
close_seg\6\6K--6-_jpg.rf.c529da9c9a02e862faf1c5ca979a20e1.jpg,6
close_seg\6\42--8-_jpg.rf.b020abe1bd4e3340897765e7e9ae481e.jpg,6
close_seg\6\6F--46-_jpg.rf.261910b13c14d0d3f6222ff1705d12db.jpg,6
close_seg\6\6K--13-_jpg.rf.ed31e2e2b4d4c474cf0fa73781fda5b2.jpg,6
close_seg\6\6k--94-_jpg.rf.4ea615ab6ce80b549ef9c7d1c71532e9.jpg,6
close_seg\6\44--6-_jpg.rf.3ca386560a1db24cf7184e23d7b20246.jpg,6
close_seg\6\6K--54-_jpg.rf.be812dd87ef0da85646145619035278c.jpg,6
close_seg\6\6k--58-_jpg.rf.600ad714df80d1e9cb3323114704d645.jpg,6
close_seg\6\6k--16-_jpg.rf.e7b76868923521c15ceb460e4dec641d.jpg,6
close_seg\6\6K--25-_jpg.rf.1e44ae6b5d9e01d5cb958863e12129e0.jpg,6
close_seg\6\6K--38-_jpg.rf.f71ef3a92558f5ce0d7122bf976f5c41.jpg,6
close_seg\6\6K--97-_jpg.rf.ef5bb7a74cad6afc1cac4b51aed29fe6.jpg,6
close_seg\6\6K--12-_jpg.rf.02c10ec750128c14d496f4984f69a5e2.jpg,6
close_seg\6\6K--77-_jpg.rf.1c7aaff83d4a467bc7b2eaa2ef48746c.jpg,6
close_seg\6\6F--15-_jpg.rf.3d6d393b06d55157f4fd9e9a5d81b97d.jpg,6
close_seg\6\6K--8-_jpg.rf.837ad1c951607b17399b7a5257dea7fc.jpg,6
close_seg\6\6F--50-_jpg.rf.1e35c255ceda71eec253071b3e00722d.jpg,6
close_seg\6\6K--31-_jpg.rf.492b4d6d2ff4dd40834d8d977b71b6f1.jpg,6
close_seg\6\6K--81-_jpg.rf.abbba43f6caad894790654c50cb9b3f8.jpg,6
close_seg\6\6K--51-_jpg.rf.c61c4d207e8c2b3e017b6131617b84b1.jpg,6
close_seg\6\6F--38-_jpg.rf.67a5837c75b5dc33b49f278314a393a5.jpg,6
close_seg\6\46--5-_jpg.rf.9038547a1acf44a4530e3436bb29d395.jpg,6
close_seg\6\6F--16-_jpg.rf.fc21a2e07c598eaa40aa21ca3b99c76e.jpg,6
close_seg\6\6K--84-_jpg.rf.7aea793de0d0699c552271d6be6f226a.jpg,6
close_seg\6\6F--51-_jpg.rf.3fb3b3cdafcb3649207bd2f210abec1e.jpg,6
close_seg\6\6F--2-_jpg.rf.387437fcd3912b82e93fd50352da549e.jpg,6
close_seg\6\6F--17-_jpg.rf.1cc4148b4b0a7c498bdc41c7b628f422.jpg,6
close_seg\6\6k--12-_jpg.rf.7c3db483783b48770a6d06c4d501bdd8.jpg,6
close_seg\6\6K--68-_jpg.rf.1b545a2be826ed832a6daa4e603cea0c.jpg,6
close_seg\6\6k--43-_jpg.rf.28d8e649b2c1fd28877fcbb77907a73d.jpg,6
close_seg\7\7K--276-_jpg.rf.e9bdb3d65e885c9185256f59ef48858a.jpg,7
close_seg\7\49--3-_jpg.rf.375d2c412c7f9b74c9cdc3d80961924c.jpg,7
close_seg\7\7K--287-_jpg.rf.6061fff9975f1678d992552334c4216c.jpg,7
close_seg\7\7K--110-_jpg.rf.0fa2095e923d55ebac767b8fe2b39082.jpg,7
close_seg\7\7K--294-_jpg.rf.8144cb063e0d3981cd79226742856031.jpg,7
close_seg\7\7F--28-_jpg.rf.c25e06ec52d0b112949cdfec51da4a3a.jpg,7
close_seg\7\7K--172-_jpg.rf.0d068588eb3260acfd1d35e9abcdc969.jpg,7
close_seg\7\47--10-_jpg.rf.9d620f7cbe8f2d1ae885d98b3bd434af.jpg,7
close_seg\7\7F--81-_jpg.rf.0bfa0e601febc9d89675688dad08f2c4.jpg,7
close_seg\7\7F--94-_jpg.rf.ceb0feb17bf135ae2ec6eac5838c9bd3.jpg,7
close_seg\7\7k--232-_jpg.rf.3a2b27e4941da5be849702d3cd94eeaa.jpg,7
close_seg\7\7F--22-_jpg.rf.4d598dfb2d7ad5a92e2141ab40046bbc.jpg,7
close_seg\7\7F--24-_jpg.rf.31b6f69c55762302c9fbdf889e7a6257.jpg,7
close_seg\7\7K--7-_jpg.rf.070ebf2adbdcf57091958cd27f9fa891.jpg,7
close_seg\7\7K--5-_jpg.rf.8924aed8e91ef85dcf30ac38c07c2ebd.jpg,7
close_seg\7\7K--203-_jpg.rf.520a11af50840dca2e32e45a2cea3d1f.jpg,7
close_seg\7\7K--179-_jpg.rf.114878cfa346d7c15a754f220f94b690.jpg,7
close_seg\7\7K--234-_jpg.rf.90292140d70713933d77fb0241141e52.jpg,7
close_seg\7\7K--65-_jpg.rf.9708e74325d715ba6b788792f50c1266.jpg,7
close_seg\7\7k--309-_jpg.rf.1a74e3164be704c8c7abaec6f79447ba.jpg,7
close_seg\7\7K--306-_jpg.rf.1c3c3424a65321ac354c494e4cdba5b6.jpg,7
close_seg\7\7k--164-_jpg.rf.7ccbac6a69e331e64e1bd869da9ac182.jpg,7
close_seg\7\7K--120-_jpg.rf.d852f98480aefee21294b6e83a0452b9.jpg,7
close_seg\7\7K--140-_jpg.rf.0241ff8d0cf8ccf8497159ea3d273e90.jpg,7
close_seg\7\7K--213-_jpg.rf.08cb0a5f5fce578cde1fda6a84d074de.jpg,7
close_seg\7\7K--90-_jpg.rf.6e3d3e96d7f64215ba69e95fc3b6c9e7.jpg,7
close_seg\7\7K--241-_jpg.rf.bd1d41767358219de904e0d307a56dcd.jpg,7
close_seg\7\7F--25-_jpg.rf.517e5dad8e35d4f06cdaab206f52515f.jpg,7
close_seg\7\7k--68-_jpg.rf.94c1ed0c981229e29a33af78c78fedab.jpg,7
close_seg\7\7K--126-_jpg.rf.dca4f0f4682582e88bdf6eaab774c67d.jpg,7
close_seg\7\7K--278-_jpg.rf.0d6684f77bc18c5b12ec7ea0099feb20.jpg,7
close_seg\7\7k--296-_jpg.rf.90fa453ae255a94a77159c4925e6fd3b.jpg,7
close_seg\7\7K--75-_jpg.rf.8d3b491af5a440ca17a63080051c824b.jpg,7
close_seg\7\7K--125-_jpg.rf.a8d8ce05c31c9b6fa1244a442646d872.jpg,7
close_seg\7\7k--291-_jpg.rf.b088e18c2f40c297171bebd12b2edf0f.jpg,7
close_seg\7\7K--144-_jpg.rf.34861d14e95f5d7220af3e106e559997.jpg,7
close_seg\7\7K--266-_jpg.rf.d9caffa910cab6957ab621f88555b9d8.jpg,7
close_seg\7\28--7-_jpg.rf.12dcdf0b0f66f68521af4f4777c31e0d.jpg,7
close_seg\7\7K--151-_jpg.rf.8bd2b043c69abca74fcb3f8a0a576010.jpg,7
close_seg\7\7K--102-_jpg.rf.98ef0859951d106daa0134035a0cf75d.jpg,7
close_seg\7\7F--1-_jpg.rf.049eb9dc8199d7115b3af9831c127453.jpg,7
close_seg\7\7K--67-_jpg.rf.79afa59f4e5a7b3953449ecc9bbf1750.jpg,7
close_seg\7\7K--73-_jpg.rf.818e3b43bd76cac288a8b6fcea787ba9.jpg,7
close_seg\7\7K--177-_jpg.rf.e89b5afd6e9d5f9dcccda8629a0ea87e.jpg,7
close_seg\7\7F--91-_jpg.rf.a04f65828fecc58ff964a4788764f732.jpg,7
close_seg\7\7K--235-_jpg.rf.1448e588103be5696918aa04db5d1a4f.jpg,7
close_seg\7\7K--86-_jpg.rf.eeb57a0c72d6646a1a7ce5e079f2e596.jpg,7
close_seg\7\7K--152-_jpg.rf.59df32442cee7214cfb0eba85c51115a.jpg,7
close_seg\7\7F--100-_jpg.rf.aed45a25e0818cc5f5937552fc8bd730.jpg,7
close_seg\7\7F--2-_jpg.rf.a5c1219a840ff82d51be8f8838958fb1.jpg,7
close_seg\7\7k--305-_jpg.rf.4e62cdf840cee6714ffc507861ccd040.jpg,7
close_seg\7\7F--98-_jpg.rf.a93a7740cb99bfa25c091f0881e02e13.jpg,7
close_seg\7\7K--284-_jpg.rf.2745abfe6e437205e3552524a22f493c.jpg,7
close_seg\7\7K--127-_jpg.rf.a04c501b4d70f1139d4e1a179a7a3e0a.jpg,7
close_seg\7\55--10-_jpg.rf.3985c1d0b08c84f6938fb445cb3d09bd.jpg,7
close_seg\7\7K--259-_jpg.rf.bef22336e17b7d48ef643acf08cc1b51.jpg,7
close_seg\7\7K--70-_jpg.rf.547e60df0b8e733ba413ee494b208474.jpg,7
close_seg\7\7K--139-_jpg.rf.e1f5872529172ce9dce190fe4cd00949.jpg,7
close_seg\7\7K--303-_jpg.rf.12829f6d9a6cbce17367e23aef63d7ff.jpg,7
close_seg\7\7K--185-_jpg.rf.5c1cbfd4fa04cdf5e76b704f0bbabda7.jpg,7
close_seg\7\7K--181-_jpg.rf.7ef123566db5405c7397d6081abaa6bf.jpg,7
close_seg\7\7K--180-_jpg.rf.755fde6e07218d2925a10f06f344a8f3.jpg,7
close_seg\7\7K--224-_jpg.rf.06d098f8dfd528ab75fa80abe5d219e9.jpg,7
close_seg\7\7K--238-_jpg.rf.79fe9289ee7db98068637ebf10b174e0.jpg,7
close_seg\7\7K--218-_jpg.rf.0984a9ea904c2b889bb2ee49f4ad7ce0.jpg,7
close_seg\7\7K--158-_jpg.rf.1da52bb58a8b29ba5e3830ce177337f4.jpg,7
close_seg\7\7K--194-_jpg.rf.549b4d33882b02f37a58189ea6559ec3.jpg,7
close_seg\7\55--5-_jpg.rf.45aa4326b506e07438d3e7b17b2235db.jpg,7
close_seg\7\7k--292-_jpg.rf.c026be65d3bb6189b3ae8f6e110c40f5.jpg,7
close_seg\7\7K--149-_jpg.rf.13fff2c703ecb9df3ac3b34313f20dee.jpg,7
close_seg\7\47--8-_jpg.rf.83b18640e10fe6ea5dcaffd7d8af121e.jpg,7
close_seg\7\7F--89-_jpg.rf.441524f175cd2d46f5b2326f89decb1d.jpg,7
close_seg\7\7K--161-_jpg.rf.e6ca5be5b70ae73c8f5489ab643de9ac.jpg,7
close_seg\7\7k--14-_jpg.rf.980239e4d4227f72acfa39bdec78c1ee.jpg,7
close_seg\7\7K--277-_jpg.rf.930d9550d4694bdf4dba7bee44b4fa02.jpg,7
close_seg\7\7K--165-_jpg.rf.5062d0d774bae6f12b25c0d000b70645.jpg,7
close_seg\7\7K--9-_jpg.rf.2dd89ebbe2368aa4d2f65662274c6984.jpg,7
close_seg\7\7F--35-_jpg.rf.aa199cd31435302e5fe9412e91b6bf02.jpg,7
close_seg\7\7F--95-_jpg.rf.7b9b5a057182d32a3cb9ff27fff02499.jpg,7
close_seg\7\610--4-_jpg.rf.b7586fbd40b852d06a11ff280714bd09.jpg,7
close_seg\7\7K--113-_jpg.rf.cbfa278d87760ee7fb3f17d7e731cbed.jpg,7
close_seg\7\7k--163-_jpg.rf.69ab9d6399fd844bdb91eb252e9472b3.jpg,7
close_seg\7\7K--227-_jpg.rf.02c0306ace8375a23db4df44dd529a95.jpg,7
close_seg\7\7K--193-_jpg.rf.10b46c840b2bf8bd8cb75069498849d5.jpg,7
close_seg\7\7K--129-_jpg.rf.954ab4f737d549bd7cf380760d62bc5b.jpg,7
close_seg\7\7K--269-_jpg.rf.595d99dc68f46c18f6515bd1f23fbc65.jpg,7
close_seg\7\58--2-_jpg.rf.b0286c08b05daabe00fe45f4c0b39935.jpg,7
close_seg\7\610--2-_jpg.rf.650ed8dcbb2222c80cb7fcf4bbbdd7d2.jpg,7
close_seg\7\7K--293-_jpg.rf.796b84719b4479fe586418d3fbb38dba.jpg,7
close_seg\7\7K--145-_jpg.rf.98410dadc5e43af8837d7d339d9722af.jpg,7
close_seg\7\7F--93-_jpg.rf.486df3fe2f9daa3e1e2b5d7c39a97429.jpg,7
close_seg\7\7k--10-_jpg.rf.29509a11d21feead0b34ebb2d39c12ab.jpg,7
close_seg\7\7K--111-_jpg.rf.5f7d73e46d2ad66fbb561d1d59341644.jpg,7
close_seg\7\7K--146-_jpg.rf.c34d76d29dff56f46e380d751941f6df.jpg,7
close_seg\7\7K--201-_jpg.rf.2c56edacc8fddbc5dc0e8a396852bf48.jpg,7
close_seg\7\7F--29-_jpg.rf.8948132030cfebcf55e0ead094e1f3da.jpg,7
close_seg\7\7K--226-_jpg.rf.bda0bb320a1c9cc106ca867f483de60f.jpg,7
close_seg\7\7K--292-_jpg.rf.10e4c1b3aca731c3812c44f9650cc205.jpg,7
close_seg\7\7K--280-_jpg.rf.a9138ab5e24feb1d0dd106a9776268f0.jpg,7
close_seg\7\7K--237-_jpg.rf.47b8249f3fee9885437b4ab950c7e439.jpg,7
close_seg\7\7K--93-_jpg.rf.ae058537e4c353249f9f2daf8560fe87.jpg,7
close_seg\7\7F--84-_jpg.rf.6d5cbf29e5eb896e8bfdb94b5045c1a1.jpg,7
close_seg\7\7k--13-_jpg.rf.d93c62bcd5787477936852ccf1901e72.jpg,7
close_seg\7\7K--137-_jpg.rf.b4e368d1785f995dbdf7bd5084b6967f.jpg,7
close_seg\7\7K--216-_jpg.rf.27df6fae2c76cdacc014cd4f7705db65.jpg,7
close_seg\7\7K--68-_jpg.rf.1c438ad467cf839d8de6db8e29875754.jpg,7
close_seg\7\7F--34-_jpg.rf.f2338605dc7d8c13879b6a1a681ff7a4.jpg,7
close_seg\7\7K--261-_jpg.rf.8eaacd0aee6db1e7abb23e21d625a074.jpg,7
close_seg\7\7K--154-_jpg.rf.d4f27859a4c73b47ad466ecab81bdfb9.jpg,7
close_seg\7\7K--166-_jpg.rf.a9ea204efb6235aeeeb6714272f55ca1.jpg,7
close_seg\7\7K--295-_jpg.rf.ac23b5e7f504b61002eb66f2f56e2191.jpg,7
close_seg\7\7K--271-_jpg.rf.e830c1964144643729e5ff9eff117c73.jpg,7
close_seg\7\7K--267-_jpg.rf.0a0570f2cb452bde7b3617c015a9c2f3.jpg,7
close_seg\7\49--4-_jpg.rf.879b4cf86131e758f7abfdc2ad9c709f.jpg,7
close_seg\7\7K--76-_jpg.rf.7e3d72474109597eb9e0d34e95685637.jpg,7
close_seg\7\7K--112-_jpg.rf.48e54f0a24ed46264e50b1537ddd9045.jpg,7
close_seg\7\7K--131-_jpg.rf.cd15b28bcc118704dbda28adcf25d9a9.jpg,7
close_seg\7\7K--11-_jpg.rf.1155bd9ee8cb8088bc044f899c4ec3ae.jpg,7
close_seg\7\7K--300-_jpg.rf.2efd4c7856f2ae528ea6bf620254f8fa.jpg,7
close_seg\7\7k--65-_jpg.rf.48862913dd3a67beaf678d1011b43b0a.jpg,7
close_seg\7\7K--230-_jpg.rf.955a7f82df32a6e30053454c628fa814.jpg,7
close_seg\7\7K--8-_jpg.rf.f3caaed2f81d312779997a2471c0443e.jpg,7
close_seg\7\7k--231-_jpg.rf.196cb09dbe4d117e7577d4c615a1d625.jpg,7
close_seg\7\7K--308-_jpg.rf.387aa2c02743b8462a19f36fe832637c.jpg,7
close_seg\7\7K--92-_jpg.rf.2557e296f7ebf8dab7cbf4d0a22c7684.jpg,7
close_seg\7\7K--132-_jpg.rf.13a07f2e076972927161515c5a6cddb0.jpg,7
close_seg\7\7K--184-_jpg.rf.20295d434c331bf704306762ee8ce890.jpg,7
close_seg\7\7K--246-_jpg.rf.8c94be981c6bf02591d53c7682da9a69.jpg,7
close_seg\8\8P--16-_jpg.rf.ee0704a4dea1ab2122bdafa15efdbbfa.jpg,8
close_seg\8\8K--101-_jpg.rf.6b09b8241bc0135ee4c981aa9d7b894f.jpg,8
close_seg\8\8K--5-_jpg.rf.015565ef34f159c7f991a4274814f8b0.jpg,8
close_seg\8\8K--14-_jpg.rf.a986b46494d91c5ff7e2be248a91a502.jpg,8
close_seg\8\8P--74-_jpg.rf.e0cecf41177157980c95028abc480a05.jpg,8
close_seg\8\8F--134-_jpg.rf.ead733b6e093f29251eb9d3ef4ccf815.jpg,8
close_seg\8\8P--69-_jpg.rf.0be5329a772bab4fbf597f5c97c53fc9.jpg,8
close_seg\8\8K--141-_jpg.rf.52d4d0eb736165ae51d0aae6f690fafa.jpg,8
close_seg\8\8P--77-_jpg.rf.807d9c0a0ee9941ae1ff7f8d99ca876a.jpg,8
close_seg\8\8P--52-_jpg.rf.96831ddac7b1f9988c65554dae733620.jpg,8
close_seg\8\8K--30-_jpg.rf.e63777e04603b57d9db6e4c0f125f640.jpg,8
close_seg\8\8K--154-_jpg.rf.827eb02764fb9bd0a34119cd497ebb46.jpg,8
close_seg\8\8F--52-_jpg.rf.56c80dd20dc7462eec2ddc8e338d6c2d.jpg,8
close_seg\8\8P--36-_jpg.rf.fd30bb7db4fa9e76079b220c39ba9a74.jpg,8
close_seg\8\8K--65-_jpg.rf.d4c9167fa50ea47a4e84f2e3c15ee4fb.jpg,8
close_seg\8\8P--13-_jpg.rf.4f07628e7541b4ec75929bea6f52bc52.jpg,8
close_seg\8\8F--51-_jpg.rf.132c9195e7bd995ef838c8a78f4e6a2f.jpg,8
close_seg\8\8F--91-_jpg.rf.ec037c7a96879e4226f755164002e2df.jpg,8
close_seg\8\8K--71-_jpg.rf.a509a48dc70d5f1e044deafbafe3163d.jpg,8
close_seg\8\8K--82-_jpg.rf.9c4e3036cb2fedfd3049f9e6d4649a23.jpg,8
close_seg\8\8F--46-_jpg.rf.4006ad8ba744b013549bb28712e42975.jpg,8
close_seg\8\8F--127-_jpg.rf.7a611981eb35425d36058bc4a450e571.jpg,8
close_seg\8\8F--90-_jpg.rf.d16a7902383cc7941f1a03481acd3b0e.jpg,8
close_seg\8\8F--66-_jpg.rf.b6eb0dd75d9d39166dc19a7d48d6eecd.jpg,8
close_seg\8\8K--80-_jpg.rf.c90afb21bcca5a5ad89039f8f029286b.jpg,8
close_seg\8\8F--149-_jpg.rf.5a5eee6a42109230d46a007be950a050.jpg,8
close_seg\8\8K--100-_jpg.rf.fa8c71c006b68cf360bebd4765a695e0.jpg,8
close_seg\8\8F--181-_jpg.rf.4fb50a963dc4975f504b845ccf7de263.jpg,8
close_seg\8\8P--51-_jpg.rf.d4ad7b7b6edd48f2e794bd1b7b498a46.jpg,8
close_seg\8\8K--99-_jpg.rf.cbede8cfa83fbc5b2c4b5a61b6f4c6b3.jpg,8
close_seg\8\8P--15-_jpg.rf.05b98d9d4fa0a87509a35da00ff043ba.jpg,8
close_seg\8\8P--35-_jpg.rf.a6151dc7787c75dfab1400e2e3825467.jpg,8
close_seg\8\8K--3-_jpg.rf.664c2ed366be8d8442c1f2b9a0ae7bbf.jpg,8
close_seg\8\8P--2-_jpg.rf.a27e152cf2e2e5edeca8062316174960.jpg,8
close_seg\8\8F--49-_jpg.rf.1fd2796f48d76cd1c7e99ac2e389c1bf.jpg,8
close_seg\8\8P--48-_jpg.rf.65d050380b1ba591d55122fe2670c568.jpg,8
close_seg\8\8K--130-_jpg.rf.60c3e50b933147d98d4a31d0749466a4.jpg,8
close_seg\8\8K--31-_jpg.rf.c9c71d17fd99a1f1d28332e94dab5d83.jpg,8
close_seg\8\8P--53-_jpg.rf.a180a2a86462aab21716bad3e264ead8.jpg,8
close_seg\8\8K--124-_jpg.rf.1ce88366d333d71f2cee24a143c73d20.jpg,8
close_seg\8\8F--65-_jpg.rf.392edddb866cde09744da415eb0ed112.jpg,8
close_seg\8\8P--19-_jpg.rf.4e70b31d2870e6d2a5d4453a1887f894.jpg,8
close_seg\8\8F--67-_jpg.rf.6d40d12f2cd627e9e8598fdc627d8a8c.jpg,8
close_seg\8\8K--135-_jpg.rf.274919da5bf437a80294aac9908d85e8.jpg,8
close_seg\8\8F--101-_jpg.rf.6767234f897fa375b05b390a22a771cf.jpg,8
close_seg\8\8K--186-_jpg.rf.0dfbc2a7132f6697b941b7cac99cc99c.jpg,8
close_seg\8\8F--87-_jpg.rf.f27bc12c3deda232d81450b1c15568da.jpg,8
close_seg\8\8F--53-_jpg.rf.9c85e1db7df05151fd01c4b4f5e8e4fa.jpg,8
close_seg\8\8F--93-_jpg.rf.9a7e860d40b8072999a65af8b62e5aba.jpg,8
close_seg\8\8K--58-_jpg.rf.e899a4c5122a482f95a55c4ce8d96753.jpg,8
close_seg\8\8K--79-_jpg.rf.17ca27d8f5be96569a6137e9a5ad88f5.jpg,8
close_seg\8\8P--54-_jpg.rf.4ebfb14c6e86cd0492daaecd0eb4522e.jpg,8
close_seg\8\8K--8-_jpg.rf.6961b32194f52c01222966da7cd94764.jpg,8
close_seg\8\8K--98-_jpg.rf.a1e9300ba1f959100779bf44e02abbb6.jpg,8
close_seg\8\8K--137-_jpg.rf.581b433bce3b468484b6a9fd99dd7985.jpg,8
close_seg\8\8K--33-_jpg.rf.4556533a64db528b9cef2d42bb33eeef.jpg,8
close_seg\8\8P--58-_jpg.rf.fbdcc3f5f38d704fd983cae26e6ff405.jpg,8
close_seg\8\8F--143-_jpg.rf.b3f794d99bc134d7f13b4d772eff0b1c.jpg,8
close_seg\8\8K--87-_jpg.rf.9bf7d0ef0c575bc5a8f37bd9652771da.jpg,8
close_seg\8\8F--41-_jpg.rf.9737667923c16c7a7d76ec35b3e4d5c7.jpg,8
close_seg\8\8P--42-_jpg.rf.3627d5a02cb1a9715daeec248041f655.jpg,8
close_seg\8\8K--12-_jpg.rf.66912eb66e50af981929de1962cbda34.jpg,8
close_seg\8\8F--144-_jpg.rf.d6329b6cf45439742423a1441c50cad9.jpg,8
close_seg\8\8K--161-_jpg.rf.1840f4df85bec0f3de6f7e179d44b33e.jpg,8
close_seg\8\8K--92-_jpg.rf.6bc7f5de3f224843531ae673ce48eec3.jpg,8
close_seg\8\8P--34-_jpg.rf.67ee9a4d3aabf7d7c292665bc9678ea2.jpg,8
close_seg\8\8K--73-_jpg.rf.e591775a933c10015c42a7a8e923143f.jpg,8
close_seg\8\8F--177-_jpg.rf.94b12cc01a9960ce8887357d3aa186e3.jpg,8
close_seg\8\8K--11-_jpg.rf.8aaea5b73eab19750e8787c4c8840c25.jpg,8
close_seg\8\8K--127-_jpg.rf.44dcde3d955c1c0388de41d0931f15b5.jpg,8
close_seg\8\8P--14-_jpg.rf.e1610e9c82a0e911c60272fe3e114d86.jpg,8
close_seg\8\8K--59-_jpg.rf.5cb12170552e10180019cb73ca103964.jpg,8
close_seg\8\8K--162-_jpg.rf.f8e10643fa0cdd40d1faa2c5ec895314.jpg,8
close_seg\8\8K--55-_jpg.rf.88c54bbfa0e2fe730c48b1ea56b059b0.jpg,8
close_seg\8\8K--121-_jpg.rf.7e11e44c91e18706a572a05ad3a90aa6.jpg,8
close_seg\8\8K--96-_jpg.rf.74fee63a08cd08208c30e7c8cd058980.jpg,8
close_seg\8\8F--133-_jpg.rf.16fe428bea10e78822150293b5d54c72.jpg,8
close_seg\8\8K--140-_jpg.rf.c8f9900c8b87e19ea6f7c96a20fcff08.jpg,8
close_seg\8\8K--36-_jpg.rf.0ec9039431fe951ece0326eeb59b113d.jpg,8
close_seg\8\8P--45-_jpg.rf.5e7874131700e6487ed9bdff14eb000e.jpg,8
close_seg\8\8F--124-_jpg.rf.c1555df8c2448e197ac47b30b8fb3952.jpg,8
close_seg\8\8P--1-_jpg.rf.3680651acab38551bf88404b072271d0.jpg,8
close_seg\8\8P--73-_jpg.rf.ab8f7d97fd727773be27fee13ec76ed4.jpg,8
close_seg\8\8F--43-_jpg.rf.d46096bcc7d9e3e7673751a7285f7816.jpg,8
close_seg\8\8P--61-_jpg.rf.9e0ce1ae59bfe7eb0bf45dd60b1c9774.jpg,8
close_seg\8\8K--70-_jpg.rf.6c818b5b0dfa4aff6d9e289e19627abd.jpg,8
close_seg\8\8F--44-_jpg.rf.edc2a5855cce9a9f0431266d11cc3cc7.jpg,8
close_seg\8\8K--32-_jpg.rf.e3bf9ba7308ab1aa5ca15b1dc0515283.jpg,8
close_seg\8\8F--72-_jpg.rf.080410ab5ad100056a3cf7fc83c53fd1.jpg,8
close_seg\8\8P--26-_jpg.rf.609d36e8c806e73d988a0468dbedf20b.jpg,8
close_seg\8\8P--79-_jpg.rf.df86fcb601a52422c4ab72c7626cf496.jpg,8
close_seg\8\8P--78-_jpg.rf.a4965e20b60f0e896e2aed6efe90fe45.jpg,8
close_seg\8\8P--40-_jpg.rf.48d97e65bd94f8c8db77766d35034074.jpg,8
close_seg\8\8K--10-_jpg.rf.3a338eb17166822b18a15384395227be.jpg,8
close_seg\8\8K--95-_jpg.rf.6d04a43f41fc05277baba7f6de6ce5a2.jpg,8
close_seg\8\8P--68-_jpg.rf.7bd25519924770da7bd4c9854b4d5560.jpg,8
close_seg\8\8K--16-_jpg.rf.983ab8bafb994fc9dcf8fbc5cb66d576.jpg,8
close_seg\8\8P--65-_jpg.rf.12a8c369d192feea4229fdfdfe80c85f.jpg,8
close_seg\8\8F--70-_jpg.rf.749cc28c316d399d66d2b8d6b6b9be6b.jpg,8
close_seg\8\8K--86-_jpg.rf.0e9e09c279bc919165723d34d4650a0f.jpg,8
close_seg\8\8K--89-_jpg.rf.692e526d637dee62af1ed014d060ca87.jpg,8
close_seg\8\8P--76-_jpg.rf.2f2119789b16e3be1187d47a07c9da45.jpg,8
close_seg\8\8F--42-_jpg.rf.e4702204a320503a2a4a7d0015722fe6.jpg,8
close_seg\8\8K--64-_jpg.rf.128c728b19599820dc700fbc6ca470f5.jpg,8
close_seg\8\8K--185-_jpg.rf.431a736dc8a37d65c400970f059fb718.jpg,8
close_seg\8\8K--61-_jpg.rf.833e8f2a5e833ac30c998185236fc62c.jpg,8
close_seg\8\8P--39-_jpg.rf.7179a9ba44e59cda740b91781d0e4b32.jpg,8
close_seg\8\8K--28-_jpg.rf.9818589aeea2050b2d7a4695502e5e20.jpg,8
close_seg\8\8F--58-_jpg.rf.12ffb1f6ffce9133ec51fe34160b6f99.jpg,8
close_seg\8\8K--132-_jpg.rf.b89825821f2d8175c5e98cae8cb33653.jpg,8
close_seg\8\8F--54-_jpg.rf.dd445162259af30eb1523e219cb2a64b.jpg,8
close_seg\8\8F--131-_jpg.rf.26434a09caf3b1660c7fcc93062de5aa.jpg,8
close_seg\8\8K--39-_jpg.rf.82e3f120d4de302a681015f086522f60.jpg,8
close_seg\8\8F--132-_jpg.rf.195c9c4dedffd2378fd805300e8c4958.jpg,8
close_seg\8\8F--60-_jpg.rf.63950a5be57f978690b0f90072fb070c.jpg,8
close_seg\8\8F--59-_jpg.rf.aea64cde1f483598efbd024a78bfb508.jpg,8
close_seg\8\8P--27-_jpg.rf.3b0236f225964e14c7a26f8497396986.jpg,8
close_seg\8\8F--96-_jpg.rf.07cb476acd1df460f9c48475784c19b2.jpg,8
close_seg\8\8F--99-_jpg.rf.8c30be4aed2cd9927d5b6f794504da26.jpg,8
close_seg\8\8P--11-_jpg.rf.32df7259238938016492d8d8ec1f98e7.jpg,8
close_seg\8\8K--2-_jpg.rf.82b6f4fd8900fefe069a0923d7b2f14a.jpg,8
close_seg\8\8P--56-_jpg.rf.c6130dfa32910a16a094ee6ccb887d0a.jpg,8
close_seg\8\8P--41-_jpg.rf.f8222a24ed4dfe7032f0b846b7ca8d53.jpg,8
close_seg\8\8F--120-_jpg.rf.a8dd6f1644ee58f2d39c7579795f2747.jpg,8
close_seg\8\8P--8-_jpg.rf.349541566e78f0c88d5f8e29092a5884.jpg,8
close_seg\8\8K--136-_jpg.rf.9512d4eb62750fedea440ff8df3ce51d.jpg,8
close_seg\8\8K--41-_jpg.rf.4040d0e1bda98701508a58ec38387409.jpg,8
close_seg\8\8K--90-_jpg.rf.c6c5938ff8ce57ba1ea4e1bfa051ec8e.jpg,8
close_seg\9\9P--21-_jpg.rf.970bafdbadd35a1247403b7a69224534.jpg,9
close_seg\9\9P--28-_jpg.rf.041d72c2493295a03d14237b2d90891e.jpg,9
close_seg\9\9F--36-_jpg.rf.99d166481eee4a802960e785e2633b2a.jpg,9
close_seg\9\9P--77-_jpg.rf.e0ef0a786ff3c9b05bc69c4f7e506804.jpg,9
close_seg\9\9K--14-_jpg.rf.2b6a2010882554ad68f11e902d163356.jpg,9
close_seg\9\9K--10-_jpg.rf.2295b412c463d7f3d992a59373944802.jpg,9
close_seg\9\9P--29-_jpg.rf.300b4021a20097eb908e44ecd03e1c4f.jpg,9
close_seg\9\9P--60-_jpg.rf.937baeeb52801156e88f7fa172ab8b79.jpg,9
close_seg\9\9F--5-_jpg.rf.89286f24f43f8ae2775e7faf39798081.jpg,9
close_seg\9\9K--3-_jpg.rf.33dd114db6968aaa7b022a1ffcf64e8e.jpg,9
close_seg\9\9F--57-_jpg.rf.71b032efccd91ec89e363319c3370e62.jpg,9
close_seg\9\9P--55-_jpg.rf.ec64170ab3c4f3ec9215cd4939dbc587.jpg,9
close_seg\9\9F--58-_jpg.rf.9681912d3ea929d9387ee4264a4ddf32.jpg,9
close_seg\9\9K--5-_jpg.rf.19b0cd9214913dfa0d4027e25511edd0.jpg,9
close_seg\9\9P--58-_jpg.rf.13120df625a1559358cb60894acf43c4.jpg,9
close_seg\9\9F--4-_jpg.rf.1e619944955e8a422407c507d3e844cf.jpg,9
close_seg\9\9P--32-_jpg.rf.91489c57d053e0e1b90441efc29db2f7.jpg,9
close_seg\9\9F--9-_jpg.rf.fce967a77f13553359c36aecd75bac4f.jpg,9
close_seg\9\9F--7-_jpg.rf.3887725e8ce9a04d635b9962c2cc2212.jpg,9
close_seg\9\9P--5-_jpg.rf.34679e4c88d1cb32b0fd05c82760619a.jpg,9
close_seg\9\9P--66-_jpg.rf.91698c9a76d2a44364b06023c73d3b61.jpg,9
close_seg\9\9F--53-_jpg.rf.9d260e6828c942f48e6414438c3d3a61.jpg,9
close_seg\9\9F--41-_jpg.rf.a8bba0373c2099283e7762d6221fbba1.jpg,9
close_seg\9\9F--54-_jpg.rf.b3c90b8ff396c751b8a537eca97af109.jpg,9
close_seg\9\9F--3-_jpg.rf.cd7de5c544348e96d1ef15eaf267ad12.jpg,9
close_seg\9\9F--17-_jpg.rf.7b8616cee5dbb995729f57b32b9b6d6c.jpg,9
close_seg\9\9P--78-_jpg.rf.74393f55e9f685b6443274805ad94ce9.jpg,9
close_seg\9\9P--1-_jpg.rf.739a2310da6317865814b4e625a84e03.jpg,9
close_seg\9\9K--16-_jpg.rf.685dcce0c36878a08d73f0d912a9bf41.jpg,9
close_seg\9\9F--49-_jpg.rf.d2668bcc9586ad10a20a6d97e47f9869.jpg,9
close_seg\9\9F--35-_jpg.rf.440c435194842a0b4222a3b089a986b1.jpg,9
close_seg\9\9F--29-_jpg.rf.b2941c7dc06f2174759b1ab84c42f7fc.jpg,9
close_seg\9\9P--42-_jpg.rf.878e79656d91488d619bd4508af578fc.jpg,9
close_seg\9\9P--44-_jpg.rf.c0537cba80b1cc93e83ca6cdb923d9b5.jpg,9
close_seg\9\9P--59-_jpg.rf.a59d25dfbe3dbed6ef51aecfae1a7d80.jpg,9
close_seg\9\9F--6-_jpg.rf.3f1237cbf5c2fe6fa871d16374a9f8f4.jpg,9
close_seg\9\9P--31-_jpg.rf.1b62145fb7b39967499acfa6d4305bef.jpg,9
close_seg\9\9P--63-_jpg.rf.4b866e5b9a73a2989559268db64dbf03.jpg,9
close_seg\9\9P--11-_jpg.rf.7648974883e9d96243827daaf2190b7f.jpg,9
close_seg\9\9P--56-_jpg.rf.64895fee23b03611e439f30537735737.jpg,9
close_seg\9\9K--9-_jpg.rf.89a933cf50ad249a03b216ad8b35c881.jpg,9
close_seg\9\9P--67-_jpg.rf.12e17a75cf29b1bf850a1bf87d6aec87.jpg,9
close_seg\9\9P--14-_jpg.rf.0c8c8f31acd0ceb8e5c43e48fd9e0424.jpg,9
close_seg\9\9F--20-_jpg.rf.972ccba9e5779018368ebd0268a9cecb.jpg,9
close_seg\9\9P--48-_jpg.rf.9d356e0e53490097541427812ff96a9e.jpg,9
close_seg\9\9F--59-_jpg.rf.3a1add79d6cbb70c7c17ded6a343052b.jpg,9
close_seg\9\9F--33-_jpg.rf.ab8d1b3301d29fab7a4e41d983f6eef2.jpg,9
close_seg\9\9P--36-_jpg.rf.9a63e1e947db02e3f51f4dbd7cee3749.jpg,9
close_seg\9\9P--30-_jpg.rf.ca5b3efbcda89aff0949e2617381b402.jpg,9
close_seg\9\9P--73-_jpg.rf.2a02ea34179be222a832ff3371109e3e.jpg,9
close_seg\9\9F--40-_jpg.rf.15f341d5cc2c1ad1cfa73c809b84ac3d.jpg,9
close_seg\9\9P--71-_jpg.rf.3267aaf4770a4aa47d40cecfda57f3a6.jpg,9
close_seg\9\9F--42-_jpg.rf.bad83bb8e74b74ddb5a31c732a15437e.jpg,9
close_seg\9\9P--39-_jpg.rf.e93fb456ca8e444bc92f8bc8bc216602.jpg,9
close_seg\9\9P--10-_jpg.rf.0ad6ecc610dcfbb17af01589b3fe145c.jpg,9
close_seg\9\9P--70-_jpg.rf.43b972bcb0d646ff7e74ba55b75af57b.jpg,9
close_seg\9\9P--52-_jpg.rf.5ed1506c83445f8bbad75471d3517797.jpg,9
close_seg\9\9P--37-_jpg.rf.9a8d8abd406d4044d10005bf327ffded.jpg,9
close_seg\9\9P--45-_jpg.rf.12ffb4aacad0c792baeefe16d083b698.jpg,9
close_seg\9\9K--13-_jpg.rf.1df0970fa70d4960bb146113fe1bafe1.jpg,9
close_seg\9\9P--38-_jpg.rf.11fd4859bc84300c29e25a83363cbe29.jpg,9
close_seg\9\9F--16-_jpg.rf.f74c7cd05385f9ef2bdbfd10ae640808.jpg,9
close_seg\9\9K--6-_jpg.rf.fb2f54a57da004f7f3befb7aca9fbc22.jpg,9
close_seg\9\9F--50-_jpg.rf.e7e0bb5fc71aec1a85138ed630a3ff34.jpg,9
close_seg\9\9F--32-_jpg.rf.b49980ac54c4143c62179a7a9c3bcf17.jpg,9
close_seg\9\9P--54-_jpg.rf.3b96bacc25295fe7464fc87c1f8fe2e7.jpg,9
close_seg\9\9K--19-_jpg.rf.673947d3035dcc6fa8de86eaa8ded8ea.jpg,9
close_seg\9\9K--15-_jpg.rf.d8a3823bd01fb6144b32c0fc051c324f.jpg,9
close_seg\9\9P--8-_jpg.rf.cf8ca0f3fab29ddf3ad3ee7dde4ddc92.jpg,9
close_seg\9\9K--8-_jpg.rf.65fb51176def786063f4f78408287fcc.jpg,9
close_seg\9\9P--12-_jpg.rf.c206e3eb3e4ab6e8192e542b9e42c12a.jpg,9
close_seg\9\9P--18-_jpg.rf.dce96bf8dfc00e6442f5a0527b664341.jpg,9
close_seg\9\9P--17-_jpg.rf.45e6bb747a9684ad56c4faf4103189f8.jpg,9
close_seg\9\9F--22-_jpg.rf.831137b9f72e03f1bd71f00f07fc69c2.jpg,9
close_seg\9\9P--33-_jpg.rf.44c51157f4efe32e5551cdc659d943b0.jpg,9
close_seg\9\9P--46-_jpg.rf.3efc6758154cd34ae9d95e3982e58eb5.jpg,9
close_seg\9\9F--62-_jpg.rf.79bd4698100163bc7c400ee9e2775bb2.jpg,9
close_seg\9\9K--2-_jpg.rf.46294cc65732a78bf1aebcb8eeff68a6.jpg,9
close_seg\9\9P--65-_jpg.rf.79a888df008e7fe253b8b5c75578035f.jpg,9
close_seg\9\9F--61-_jpg.rf.b054452e2895b99e924eb3f743da1389.jpg,9
close_seg\9\9F--12-_jpg.rf.016ffe1fcff7de73fa531b0201230b35.jpg,9
close_seg\9\9P--2-_jpg.rf.86bd5fc1ea384155983df7316c11eea3.jpg,9
close_seg\9\9F--28-_jpg.rf.d0d2d5017ef913925e616ee6375c0685.jpg,9
close_seg\9\9K--21-_jpg.rf.bddff4c556c0ec22913f7e1483e652af.jpg,9
close_seg\9\9P--49-_jpg.rf.0edbe1e7792f50a622f3f18f1e859564.jpg,9
close_seg\9\9F--15-_jpg.rf.d895c167654ec3c797652e5f0cf15363.jpg,9
close_seg\9\9K--4-_jpg.rf.500a810d6ed83dbb5080a41bd858015f.jpg,9
close_seg\9\9F--1-_jpg.rf.77a56ae1ba6b879f85e4836e33ef807f.jpg,9
close_seg\9\9F--38-_jpg.rf.6d739bdad39fc8e36396f0f405547c89.jpg,9
close_seg\9\9F--63-_jpg.rf.f79bf9dcc24eef0d50b841cea7ad264e.jpg,9
close_seg\9\9F--11-_jpg.rf.cf999c1696bfdbcd4a3dc7f40b9be206.jpg,9
close_seg\9\9P--24-_jpg.rf.17fbb25c7a8723096018ae64be0bb856.jpg,9
close_seg\9\9P--62-_jpg.rf.4f79820c0ac676fd01750cf278f57193.jpg,9
close_seg\9\9F--51-_jpg.rf.571e62589a8b3c9628bc0f5058ecb65b.jpg,9
close_seg\9\9P--40-_jpg.rf.8e6835ca2f74d75842f1c26aeb159d07.jpg,9
close_seg\9\9P--80-_jpg.rf.ce90a4a884cf22fea1654c863f9cf334.jpg,9
close_seg\9\9P--3-_jpg.rf.3c2d6c11e3c308cc1be0c1c28b786ec9.jpg,9
close_seg\9\9P--72-_jpg.rf.1f4a9d6de73eff54ee973326c914582f.jpg,9
close_seg\9\9F--8-_jpg.rf.9ef836aa3f64ecdf52a10827b8049c10.jpg,9
close_seg\9\9P--27-_jpg.rf.a26a2087b9f673b0cda59c98cb631c08.jpg,9
close_seg\9\9F--46-_jpg.rf.a10da8c992871ddc643e74e0bbe30c94.jpg,9
close_seg\9\9F--52-_jpg.rf.10fbcd348f9b15c6003777d7c15c24fc.jpg,9
close_seg\9\9K--20-_jpg.rf.72ee960b372903bfc748de704b6f1bdd.jpg,9
close_seg\9\9F--43-_jpg.rf.238bc237698f25d32a29120c03740d6d.jpg,9
close_seg\9\9F--56-_jpg.rf.de4dbe546966ec5d8290a218ed915536.jpg,9
close_seg\9\9P--41-_jpg.rf.7ae4d58f783eb61c789d89b5be83b319.jpg,9
close_seg\9\9F--60-_jpg.rf.5d5af956bf5d65eddf7aff7340596e55.jpg,9
close_seg\9\9P--26-_jpg.rf.53b0c5f3a2a6bcd143b894eb59531c49.jpg,9
close_seg\9\9P--57-_jpg.rf.1f80240354e958b7f99fdd5a18ace7dd.jpg,9
close_seg\9\9P--53-_jpg.rf.d263299c36f6cb87fff54b8a90109efd.jpg,9
close_seg\9\9P--74-_jpg.rf.20a9366a1bcc48b62c1066c258856991.jpg,9
close_seg\9\9K--1-_jpg.rf.52b83acae4a2ed436b549fd0abad565c.jpg,9
close_seg\9\9P--51-_jpg.rf.3095d4ffd4e63fc4ee3d1c114fef8f54.jpg,9
close_seg\9\9F--13-_jpg.rf.b667ebe0400173da780c01d2d7187f82.jpg,9
close_seg\9\9F--19-_jpg.rf.c18b286b688a52709ca91153d17456ac.jpg,9
close_seg\9\9F--55-_jpg.rf.a0d319eaccac06dcddc5fbbfaa0f91ee.jpg,9
close_seg\9\9K--22-_jpg.rf.0122c79048f005a147550050f2a884c1.jpg,9
close_seg\9\9F--31-_jpg.rf.052579b55c2f7cafcf47e1f4e4de0aa9.jpg,9
close_seg\9\9P--76-_jpg.rf.fee3ecfa82e0f147264035d19a357ee0.jpg,9
close_seg\9\9P--13-_jpg.rf.26bd879abd2905704429dcdfeb08c18c.jpg,9
close_seg\9\9F--30-_jpg.rf.85f2eb1b6af1d2acc8d0ea6a72fb5e9e.jpg,9
close_seg\9\9F--18-_jpg.rf.fddf47960831142d3e702a55aebdcd1e.jpg,9
close_seg\9\9P--64-_jpg.rf.afa6ae08c5d0dfe758d015cdacfa4556.jpg,9
close_seg\9\9P--79-_jpg.rf.6adccf530c20dcd3ad70a4e4455c36ce.jpg,9
close_seg\9\9F--47-_jpg.rf.b1e89d39b0f2b62dda36d0cae728fbe3.jpg,9
close_seg\9\9P--23-_jpg.rf.0c9b2f551d775ffcfa673887474915ce.jpg,9
close_seg\9\9P--22-_jpg.rf.0ef9bca14b274f2d6d8d525a5073174e.jpg,9
close_seg\9\9P--75-_jpg.rf.9c7d1e412940d554bc2331d28d393b28.jpg,9
